{"cameraMode":{"drawMode":0,"name":"Shaded","section":"Shading Mode"},"sceneLighting":true,"audioPlay":false,"sceneViewState":{"m_AlwaysRefresh":false,"showFog":true,"showSkybox":true,"showFlares":true,"showImageEffects":true,"showParticleSystems":true,"showVisualEffectGraphs":true,"m_FxEnabled":true},"in2DMode":false,"pivot":{"x":132.13629150390626,"y":7.367836952209473,"z":-91.13801574707031},"rotation":{"x":-0.39436617493629458,"y":0.12618906795978547,"z":0.05477147921919823,"w":0.9086014628410339},"size":21.183198928833009,"orthographic":false}